{
    "r2_score": 0.8737409287422442,
    "mean_squared_error": 19601560.93431522,
    "mean_absolute_error": 2523.8321709650745
}